{
  "project_info": {
    "project_number": "89768207898",
    "project_id": "flutter-ui-88e6c",
    "storage_bucket": "flutter-ui-88e6c.appspot.com"
  },
  "client": [
    {
      "client_info": {
        "mobilesdk_app_id": "1:89768207898:android:629058e0f15384d59853a3",
        "android_client_info": {
          "package_name": "com.example.flutter_ui"
        }
      },
      "oauth_client": [
        {
          "client_id": "89768207898-bq54ef7up1aeogba9chj637eb0efoov1.apps.googleusercontent.com",
          "client_type": 1,
          "android_info": {
            "package_name": "com.example.flutter_ui",
            "certificate_hash": "afea7a86e07c32ff6dfcd27b155f7ea8c0015778"
          }
        },
        {
          "client_id": "89768207898-0drit2t9ug9r7o5tc1lj2itvtiu19v80.apps.googleusercontent.com",
          "client_type": 3
        }
      ],
      "api_key": [
        {
          "current_key": "AIzaSyDftC2YrHpBrgQoP5yE5hgKzAAL1orcaiU"
        }
      ],
      "services": {
        "appinvite_service": {
          "other_platform_oauth_client": [
            {
              "client_id": "89768207898-0drit2t9ug9r7o5tc1lj2itvtiu19v80.apps.googleusercontent.com",
              "client_type": 3
            }
          ]
        }
      }
    }
  ],
  "configuration_version": "1"
}